"Epic","Feature","Story","FAILED","BROKEN","PASSED","SKIPPED","UNKNOWN"
"Blonde Site","","Web Service Test at Blonde Site","0","0","10","0","0"
"Blonde Site","","Save Image from Blonde Site","1","0","1","0","0"
"Blonde Site","","Ordered List on Blonde Site","0","0","1","0","0"
"Blonde Site","","Fill Contact on Blonde Site","3","0","0","0","0"
"Blonde Site","","Register to Blonde Site","0","0","3","0","0"
"Tags","","Tags on Blonde Site","0","0","1","0","0"
"Blonde Site","","Accept Contract on Blonde Site","0","0","1","0","0"
"Blonde Site","","Css on Blonde Site","0","0","1","0","0"
"Blonde Site","","Delete account from Blonde Site","1","0","0","0","0"
"Blonde Site","","Delete inputs from Contact on Blonde Site","0","0","1","0","0"
"Blonde Site","","Search on Blonde Site","1","0","0","0","0"
"Blonde Site","","Modify data on Blonde Site","0","0","1","0","0"
"Blonde Site","","LoginLogout to Blonde Site","0","0","1","0","0"
"Blonde Site","","Login to Blonde Site","0","0","2","0","0"
"Math Typesetting","","Test all external links","0","0","1","0","0"
"Blonde Site","","Tables on Blonde Site","0","0","2","0","0"
"Blonde Site","","Pages on Blonde Site","0","0","1","0","0"
